{
  "collapse-filter": true,
  "search": "",
  "showTags": false,
  "showAttachments": false,
  "hideUnresolved": false,
  "showOrphans": true,
  "collapse-color-groups": false,
  "colorGroups": [],
  "collapse-display": false,
  "showArrow": false,
  "textFadeMultiplier": -0.1,
  "nodeSizeMultiplier": 1.29908040364583,
  "lineSizeMultiplier": 2.73462727864583,
  "collapse-forces": false,
  "centerStrength": 0.609375,
  "repelStrength": 10,
  "linkStrength": 1,
  "linkDistance": 250,
  "scale": 1,
  "close": true
}