{
  "main": {
    "id": "04676f693490e6c2",
    "type": "split",
    "children": [
      {
        "id": "d9fd663701a564ab",
        "type": "tabs",
        "children": [
          {
            "id": "430cc52ce39bbdfb",
            "type": "leaf",
            "state": {
              "type": "graph",
              "state": {}
            }
          },
          {
            "id": "cd7bbaebfbe5a225",
            "type": "leaf",
            "state": {
              "type": "release-notes",
              "state": {
                "currentVersion": "1.1.8"
              }
            }
          },
          {
            "id": "5a85f4cf2804c4cc",
            "type": "leaf",
            "state": {
              "type": "markdown",
              "state": {
                "file": "Images.md",
                "mode": "source",
                "source": false
              }
            }
          }
        ],
        "currentTab": 2
      }
    ],
    "direction": "vertical"
  },
  "left": {
    "id": "d6edd8d87fcdb5d9",
    "type": "split",
    "children": [
      {
        "id": "01636335dfa95efb",
        "type": "tabs",
        "children": [
          {
            "id": "b72ca4488615d75d",
            "type": "leaf",
            "state": {
              "type": "file-explorer",
              "state": {
                "sortOrder": "alphabetical"
              }
            }
          },
          {
            "id": "8ef595f3713c113e",
            "type": "leaf",
            "state": {
              "type": "search",
              "state": {
                "query": "",
                "matchingCase": false,
                "explainSearch": false,
                "collapseAll": false,
                "extraContext": false,
                "sortOrder": "alphabetical"
              }
            }
          },
          {
            "id": "3168c1164b2e3761",
            "type": "leaf",
            "state": {
              "type": "starred",
              "state": {}
            }
          }
        ]
      }
    ],
    "direction": "horizontal",
    "width": 300,
    "collapsed": true
  },
  "right": {
    "id": "d3b5b7b40eca86e5",
    "type": "split",
    "children": [
      {
        "id": "f93880bc2c14d01f",
        "type": "tabs",
        "children": [
          {
            "id": "178c8634bae70f08",
            "type": "leaf",
            "state": {
              "type": "backlink",
              "state": {
                "file": "Images.md",
                "collapseAll": false,
                "extraContext": false,
                "sortOrder": "alphabetical",
                "showSearch": false,
                "searchQuery": "",
                "backlinkCollapsed": false,
                "unlinkedCollapsed": true
              }
            }
          },
          {
            "id": "0fd5839acd52665f",
            "type": "leaf",
            "state": {
              "type": "outgoing-link",
              "state": {
                "file": "Images.md",
                "linksCollapsed": false,
                "unlinkedCollapsed": true
              }
            }
          },
          {
            "id": "3aac5c73e2863855",
            "type": "leaf",
            "state": {
              "type": "tag",
              "state": {
                "sortOrder": "frequency",
                "useHierarchy": true
              }
            }
          },
          {
            "id": "393b6e84aeed225d",
            "type": "leaf",
            "state": {
              "type": "outline",
              "state": {
                "file": "Images.md"
              }
            }
          }
        ]
      }
    ],
    "direction": "horizontal",
    "width": 300,
    "collapsed": true
  },
  "left-ribbon": {
    "hiddenItems": {
      "switcher:Open quick switcher": false,
      "graph:Open graph view": false,
      "canvas:Create new canvas": false,
      "daily-notes:Open today's daily note": false,
      "templates:Insert template": false,
      "command-palette:Open command palette": false
    }
  },
  "active": "5a85f4cf2804c4cc",
  "lastOpenFiles": [
    "SwiftUI——Localization（本地化多语言适配）.md",
    "Dynamically filtering @FetchRequest with SwiftUI.md",
    "A_SwiftUI Essentials.md",
    "The .xcodeproj.md"
  ]
}