{
  "main": {
    "id": "ba1491e28dc16406",
    "type": "split",
    "children": [
      {
        "id": "d5c2cf70e322d321",
        "type": "tabs",
        "children": [
          {
            "id": "c757679a39297c32",
            "type": "leaf",
            "state": {
              "type": "markdown",
              "state": {
                "file": "ZNOTES/JournalForiFeel.md",
                "mode": "source",
                "source": false
              }
            }
          }
        ]
      }
    ],
    "direction": "vertical"
  },
  "left": {
    "id": "2785b4604ea98d30",
    "type": "split",
    "children": [
      {
        "id": "860e657c7c751ccd",
        "type": "tabs",
        "children": [
          {
            "id": "61c581149eccadaa",
            "type": "leaf",
            "state": {
              "type": "file-explorer",
              "state": {
                "sortOrder": "alphabetical"
              }
            }
          },
          {
            "id": "ea5641ed44b25541",
            "type": "leaf",
            "state": {
              "type": "search",
              "state": {
                "query": "tag:#problems",
                "matchingCase": false,
                "explainSearch": false,
                "collapseAll": false,
                "extraContext": false,
                "sortOrder": "alphabetical"
              }
            }
          }
        ]
      }
    ],
    "direction": "horizontal",
    "width": 300
  },
  "right": {
    "id": "0a2e9a088aa0daa6",
    "type": "split",
    "children": [
      {
        "id": "faa709a1f9395143",
        "type": "tabs",
        "children": [
          {
            "id": "425dfdb128904135",
            "type": "leaf",
            "state": {
              "type": "backlink",
              "state": {
                "file": "ZNOTES/JournalForiFeel.md",
                "collapseAll": false,
                "extraContext": false,
                "sortOrder": "alphabetical",
                "showSearch": false,
                "searchQuery": "",
                "backlinkCollapsed": false,
                "unlinkedCollapsed": true
              }
            }
          }
        ]
      }
    ],
    "direction": "horizontal",
    "width": 300,
    "collapsed": true
  },
  "left-ribbon": {
    "hiddenItems": {
      "switcher:Open quick switcher": false,
      "graph:Open graph view": false,
      "canvas:Create new canvas": false,
      "command-palette:Open command palette": false,
      "markdown-importer:Open format converter": false
    }
  },
  "active": "c757679a39297c32",
  "lastOpenFiles": [
    "ZNOTES/XcodeTips.md",
    "ZNOTES/The .xcodeproj.md",
    "ZNOTES/A_SwiftUI Essentials.md",
    "ZNOTES/CoreData in Multiplatform App  Apple Developer Forums.md",
    "ZNOTES/Core Data.md",
    "ZNOTES/MVVM.md",
    "Kavsoft/README.md",
    "ZNOTES/Xcode shortcuts for SwiftUI.md",
    "README.md",
    "ZNOTES/CoreData数据持久化框架的使用2.md"
  ]
}